"name","username","email","phone","website"
"Rhianna Ratke MD","Yvonne.Moore15","Brook62@yahoo.com","(372) 781-8156","mable.name"
"Constance Weimann","Koby_Abbott","Gillian7@yahoo.com","871-450-0071 x817","kip.biz"
"Baylee Jacobson","Caroline85","Brianne67@gmail.com","714.139.0333 x615","christina.com"
"Wilfredo Mante","Sonia63","Reba_Erdman26@hotmail.com","011-165-4472 x1133","amparo.info"
"Maida Harvey","Amelia.McDermott66","Kailyn_Dooley79@gmail.com","(205) 310-8202 x83017","enid.org"
"Alberto Schmeler","Randal78","Clovis_Tillman77@gmail.com","1-531-792-6260 x950","eula.biz"
"Justen Ritchie","Jared68","Freda_Willms@gmail.com","628-158-2977","jeremy.biz"
"Mallie Nolan","Maxie73","Laisha35@hotmail.com","1-232-841-3503 x1445","evert.org"
"Quinten Braun","Cullen65","Rashad98@hotmail.com","(074) 814-5988","millie.com"
"Josue Konopelski","Baron.Schumm90","Bernadine_Sporer@gmail.com","1-476-060-2273 x8025","bertha.com"